Security_Code,Security_Id,Security_Name
533022,20MICRONS,20 Microns Limited
526921,21STCENMGM,21st Century Management Services Limited
532628,3IINFOTECH,3i Infotech Limited
523395,3MINDIA,3M India Limited
516092,3PLAND,3P Land Holdings Limited
540776,5PAISA,5Paisa Capital Limited
526881,63MOONS,63 moons technologies limited
533292,A2ZINFRA,A2Z Infra Engineering Limited
533292,AAKASH,Aakash Exploration Services Limited
533292,AARON,Aaron Industries Limited
524348,AARTIDRUGS,Aarti Drugs Limited
524208,AARTIIND,Aarti Industries Limited
543210,AARTISURF,Aarti Surfactants Limited
514274,AARVEEDEN,Aarvee Denims & Exports Limited
514274,AARVI,Aarvi Encon Limited
541988,AAVAS,Aavas Financiers Limited
523204,ABAN,Aban Offshore Limited
500002,ABB,ABB India Limited
500488,ABBOTINDIA,Abbott India Limited
540691,ABCAPITAL,Aditya Birla Capital Limited
535755,ABFRL,Aditya Birla Fashion and Retail Limited
535755,ABMINTLTD,ABM International Limited
500410,ACC,ACC Limited
532268,ACCELYA,Accelya Solutions India Limited
532268,ACCURACY,Accuracy Shipping Limited
532762,ACE,Action Construction Equipment Limited
524091,ACRYSIL,Acrysil Limited
512599,ADANIENT,Adani Enterprises Limited
541450,ADANIGREEN,Adani Green Energy Limited
532921,ADANIPORTS,Adani Ports and Special Economic Zone Limited
533096,ADANIPOWER,Adani Power Limited
539254,ADANITRANS,Adani Transmission Limited
519183,ADFFOODS,ADF Foods Limited
538365,ADHUNIKIND,Adhunik Industries Limited
543231,ADL,Archidply Decor Limited
517041,ADORWELD,Ador Welding Limited
532172,ADROITINFO,Adroit Infotech Limited
532875,ADSL,Allied Digital Services Limited
523269,ADVANIHOTR,Advani Hotels & Resorts (India) Limited
540025,ADVENZYMES,Advanced Enzyme Technologies Limited
540025,AEGISCHEM,Aegis Logistics Limited
542752,AFFLE,Affle (India) Limited
531921,AGARIND,Agarwal Industrial Corporation Limited
500463,AGCNET,AGC Networks Limited
537292,AGRITECH,Agri-Tech (India) Limited
537292,AGROPHOS,Agro Phos India Limited
537292,AHLADA,Ahlada Engineers Limited
533227,AHLEAST,Asian Hotels (East) Limited
532811,AHLUCONT,Ahluwalia Contracts (India) Limited
533221,AHLWEST,Asian Hotels (West) Limited
532683,AIAENG,AIA Engineering Limited
532683,AIRAN,Airan Limited
532331,AJANTPHARM,Ajanta Pharma Limited
513349,AJMERA,Ajmera Realty & Infra India Limited
513349,AKASH,Akash Infra-Projects Limited
513349,AKG,Akg Exim Limited
513349,AKSHARCHEM,AksharChem India Limited
532351,AKSHOPTFBR,Aksh Optifibre Limited
500710,AKZOINDIA,Akzo Nobel India Limited
531082,ALANKIT,Alankit Limited
531082,ALBERTDAVD,Albert David Limited
506235,ALEMBICLTD,Alembic Limited
531147,ALICON,Alicon Castalloy Limited
533029,ALKALI,Alkali Metals Limited
539523,ALKEM,Alkem Laboratories Limited
506767,ALKYLAMINE,Alkyl Amines Chemicals Limited
532749,ALLCARGO,Allcargo Logistics Limited
532633,ALLSEC,Allsec Technologies Limited
531400,ALMONDZ,Almondz Global Securities Limited
531400,ALOKINDS,Alok Industries Limited
532878,ALPA,Alpa Laboratories Limited
526397,ALPHAGEO,Alphageo (India) Limited
530715,ALPSINDUS,Alps Industries Limited
500008,AMARAJABAT,Amara Raja Batteries Limited
540902,AMBER,Amber Enterprises India Limited
531978,AMBIKCO,Ambika Cotton Mills Limited
500425,AMBUJACEM,Ambuja Cements Limited
532828,AMDIND,AMD Industries Limited
500343,AMJLAND,Amj Land Holdings Limited
590006,AMRUTANJAN,Amrutanjan Health Care Limited
515055,ANANTRAJ,Anant Raj Limited
532141,ANDHRACEMT,Andhra Cements Limited
502330,ANDHRAPAP,ANDHRA PAPER LIMITED
590062,ANDHRSUGAR,The Andhra Sugars Limited
543235,ANGELBRKG,Angel Broking Limited
519383,ANIKINDS,Anik Industries Limited
532870,ANKITMETAL,Ankit Metal & Power Limited
500013,ANSALAPI,Ansal Properties & Infrastructure Limited
507828,ANSALHSG,Ansal Housing Limited
542460,ANUP,The Anup Engineering Limited
532259,APARINDS,Apar Industries Limited
518091,APCL,Anjani Portland Cement Limited
523694,APCOTEXIND,Apcotex Industries Limited
540692,APEX,Apex Frozen Foods Limited
533758,APLAPOLLO,APL Apollo Tubes Limited
533573,APLLTD,Alembic Pharmaceuticals Limited
540879,APOLLO,Apollo Micro Systems Limited
508869,APOLLOHOSP,Apollo Hospitals Enterprise Limited
508869,APOLLOPIPE,Apollo Pipes Limited
500877,APOLLOTYRE,Apollo Tyres Limited
500877,APOLSINHOT,Apollo Sindoori Hotels Limited
532475,APTECHT,Aptech Limited
532994,ARCHIDPLY,Archidply Industries Limited
532212,ARCHIES,Archies Limited
526662,ARENTERP,Rajdarshan Industries Limited
532935,ARIES,Aries Agro Limited
531381,ARIHANT,Arihant Foundations & Housing Limited
531381,ARIHANTSUP,Arihant Superstructures Limited
531179,ARMANFIN,Arman Financial Services Limited
513729,AROGRANITE,Aro Granite Industries Limited
516064,ARROWGREEN,Arrow Greentech Limited
506074,ARSHIYA,Arshiya Limited
533163,ARSSINFRA,ARSS Infrastructure Projects Limited
542919,ARTEMISMED,Artemis Medicare Services Limited
500101,ARVIND,Arvind Limited
542484,ARVINDFASN,Arvind Fashions Limited
539301,ARVSMART,Arvind SmartSpaces Limited
515030,ASAHIINDIA,Asahi India Glass Limited
532853,ASAHISONG,Asahi Songwon Colors Limited
520119,ASAL,Automotive Stampings and Assemblies Limited
507526,ASALCBR,Associated Alcohols & Breweries Ltd.
527001,ASHAPURMIN,Ashapura Minechem Limited
523716,ASHIANA,Ashiana Housing Limited
514286,ASHIMASYN,Ashima Limited
533271,ASHOKA,Ashoka Buildcon Limited
500477,ASHOKLEY,Ashok Leyland Limited
500023,ASIANHOTNR,Asian Hotels (North) Limited
500820,ASIANPAINT,Asian Paints Limited
532888,ASIANTILES,Asian Granito India Limited
532888,ASPINWALL,Aspinwall and Company Limited
533138,ASTEC,Astec LifeSciences Limited
540975,ASTERDM,Aster DM Healthcare Limited
532830,ASTRAL,Astral Poly Technik Limited
532493,ASTRAMICRO,Astra Microwave Products Limited
506820,ASTRAZEN,AstraZeneca Pharma India Limited
540824,ASTRON,Astron Paper & Board Mill Limited
500215,ATFL,Agro Tech Foods Limited
500215,ATGL,Adani Total Gas Limited
532759,ATLANTA,Atlanta  Limited
500027,ATUL,Atul Limited
531795,ATULAUTO,Atul Auto Limited
540611,AUBANK,AU Small Finance Bank Limited
532668,AURIONPRO,Aurionpro Solutions Limited
524804,AUROPHARMA,Aurobindo Pharma Limited
509009,AUSOMENT,Ausom Enterprise Limited
505010,AUTOAXLES,Automotive Axles Limited
532797,AUTOIND,Autoline Industries Limited
500029,AUTOLITIND,Autolite (India) Limited
540649,AVADHSUGAR,Avadh Sugar & Energy Limited
540649,AVANTIFEED,Avanti Feeds Limited
519105,AVTNPL,AVT Natural Products Limited
543254,AWHCL,Antony Waste Handling Cell Limited
532215,AXISBANK,Axis Bank Limited
532395,AXISCADES,AXISCADES Technologies Limited
508933,AYMSYNTEX,AYM Syntex Limited
508933,BAFNAPH,Bafna Pharmaceuticals Limited
532507,BAGFILMS,B.A.G Films and Media Limited
532507,BAJAJ-AUTO,Bajaj Auto Limited
533229,BAJAJCON,Bajaj Consumer Care Limited
500031,BAJAJELEC,Bajaj Electricals Limited
532978,BAJAJFINSV,Bajaj Finserv Limited
500032,BAJAJHIND,Bajaj Hindusthan Sugar Limited
500490,BAJAJHLDNG,Bajaj Holdings & Investment Limited
500034,BAJFINANCE,Bajaj Finance Limited
532382,BALAJITELE,Balaji Telefilms Limited
530999,BALAMINES,Balaji Amines Limited
530999,BALAXI,BALAXI PHARMACEUTICALS LIMITED
539251,BALKRISHNA,Balkrishna Paper Mills Limited
502355,BALKRISIND,Balkrishna Industries Limited
500102,BALLARPUR,Ballarpur Industries Limited
523319,BALMLAWRIE,Balmer Lawrie & Company Limited
524824,BALPHARMA,Bal Pharma Limited
500038,BALRAMCHIN,Balrampur Chini Mills Limited
526849,BANARBEADS,Banaras Beads Limited
500041,BANARISUG,Bannari Amman Sugars Limited
500039,BANCOINDIA,Banco Products (I) Limited
541153,BANDHANBNK,Bandhan Bank Limited
532946,BANG,Bang Overseas Limited
532946,BANKA,Banka BioLoo Limited
532134,BANKBARODA,Bank of Baroda
532149,BANKINDIA,Bank of India
503722,BANSWRAS,Banswara Syntex Limited
532694,BARTRONICS,Bartronics India Limited
500042,BASF,BASF India Limited
532674,BASML,Bannari Amman Spinning Mills Limited
500043,BATAINDIA,Bata India Limited
506285,BAYERCROP,Bayer Cropscience Limited
503960,BBL,Bharat Bijlee Limited
501425,BBTC,Bombay Burmah Trading Corporation Limited
532368,BCG,Brightcom Group Limited
537766,BCP,B.C. Power Controls Ltd
541143,BDL,Bharat Dynamics Limited
539447,BEARDSELL,Beardsell Limited
543253,BECTORFOOD,Mrs. Bectors Food Specialities Limited
533270,BEDMUTHA,Bedmutha Industries Limited
500049,BEL,Bharat Electronics Limited
500048,BEML,BEML Limited
500052,BEPL,Bhansali Engineering Polymers Limited
509480,BERGEPAINT,Berger Paints (I) Limited
533303,BFINVEST,BF Investment Limited
532430,BFUTILITIE,BF Utilities Limited
532930,BGRENERGY,BGR Energy Systems Limited
532930,BHAGERIA,Bhageria Industries Limited
532930,BHAGYANGR,Bhagyanagar India Limited
540621,BHAGYAPROP,Bhagyanagar Properties Limited
540621,BHANDARI,Bhandari Hosiery Exports Limited
500493,BHARATFORG,Bharat Forge Limited
505688,BHARATGEAR,Bharat Gears Limited
590021,BHARATRAS,Bharat Rasayan Limited
539799,BHARATWIRE,Bharat Wire Ropes Limited
532454,BHARTIARTL,Bharti Airtel Limited
500103,BHEL,Bharat Heavy Electricals Limited
540061,BIGBLOC,Bigbloc Construction Limited
526666,BIL,Bhartiya International Limited
539290,BINDALAGRO,Oswal Chemicals & Fertilizers Limited
532523,BIOCON,Biocon Limited
524396,BIOFILCHEM,Biofil Chemicals & Pharmaceuticals Limited
500060,BIRLACABLE,Birla Cable Limited
500335,BIRLACORPN,Birla Corporation Limited
532974,BIRLAMONEY,Aditya Birla Money Limited
532974,BIRLATYRE,Birla Tyres Limited
539043,BKMINDST,Bkm Industries Limited
539043,BLBLIMITED,BLB Limited
506197,BLISSGVS,Bliss GVS Pharma Limited
532719,BLKASHYAP,B. L. Kashyap and Sons Limited
540073,BLS,BLS International Services Limited
540073,BLUECOAST,Blue Coast Hotels Limited
526612,BLUEDART,Blue Dart Express Limited
500067,BLUESTARCO,Blue Star Limited
524370,BODALCHEM,Bodal Chemicals Limited
500020,BOMDYEING,Bombay Dyeing & Mfg Company Limited
543212,BOROLTD,Borosil Limited
502219,BORORENEW,BOROSIL RENEWABLES LIMITED
500530,BOSCHLTD,Bosch Limited
500547,BPCL,Bharat Petroleum Corporation Limited
500074,BPL,BPL Limited
532678,BRFL,Bombay Rayon Fashions Limited
532929,BRIGADE,Brigade Enterprises Limited
500825,BRITANNIA,Britannia Industries Limited
540700,BRNL,Bharat Road Network Limited
533543,BROOKS,Brooks Laboratories Limited
533543,BSE,BSE Limited
532123,BSELINFRA,BSEL Infrastructure Realty Limited
532123,BSHSL,Bombay Super Hybrid Seeds Limited
514045,BSL,BSL Limited
532400,BSOFT,BIRLASOFT LIMITED
543248,BURGERKING,Burger King India Limited
532931,BURNPUR,Burnpur Cement Limited
517421,BUTTERFLY,Butterfly Gandhimathi Appliances Limited
532916,BVCL,Barak Valley Cements Limited
532916,BYKE,The Byke Hospitality Ltd
532321,CADILAHC,Cadila Healthcare Limited
532386,CALSOFT,California Software Company Limited
532834,CAMLINFINE,Camlin Fine Sciences Limited
543232,CAMS,Computer Age Management Services Limited
532483,CANBK,Canara Bank
532813,CANDC,C & C Constructions Limited
511196,CANFINHOME,Can Fin Homes Limited
533267,CANTABIL,Cantabil Retail India Limited
540710,CAPACITE,Capacit'e Infraprojects Limited
540710,CAPLIPOINT,Caplin Point Laboratories Limited
540710,CAPTRUST,Capital Trust Limited
513375,CARBORUNIV,Carborundum Universal Limited
533260,CAREERP,Career Point Limited
534804,CARERATING,CARE Ratings Limited
500870,CASTROLIND,Castrol India Limited
500870,CCCL,Consolidated Construction Consortium Limited
526550,CCHHL,Country Club Hospitality & Holidays Limited
519600,CCL,CCL Products (India) Limited
519600,CDSL,Central Depository Services (India) Limited
500878,CEATLTD,CEAT Limited
533272,CEBBCO,Commercial Engineers & Body Builders Co Limited
532695,CELEBRITY,Celebrity Fashions Limited
500280,CENTENKA,Century Enka Limited
500083,CENTEXT,Century Extrusions Limited
532885,CENTRALBK,Central Bank of India
501150,CENTRUM,Centrum Capital Limited
517544,CENTUM,Centum Electronics Limited
532548,CENTURYPLY,Century Plyboards (India) Limited
500040,CENTURYTEX,Century Textiles & Industries Limited
532443,CERA,Cera Sanitaryware Limited
532413,CEREBRAINT,Cerebra Integrated Technologies Limited
500084,CESC,CESC Limited
531595,CGCL,Capri Global Capital Limited
500093,CGPOWER,CG Power and Industrial Solutions Limited
542399,CHALET,Chalet Hotels Limited
500085,CHAMBLFERT,Chambal Fertilizers & Chemicals Limited
530871,CHEMBOND,Chembond Chemicals Ltd
543233,CHEMCON,Chemcon Speciality Chemicals Limited
543233,CHEMFAB,Chemfab Alkalis Limited
500110,CHENNPETRO,Chennai Petroleum Corporation Limited
511243,CHOLAFIN,Cholamandalam Investment and Finance Company Limited
504973,CHOLAHLDNG,Cholamandalam Financial Holdings Limited
504973,CIGNITITEC,Cigniti Technologies Limited
532807,CINELINE,Cineline India Limited
532324,CINEVISTA,Cinevista Limited
500087,CIPLA,Cipla Limited
540403,CLEDUCATE,CL Educate Limited
506390,CLNINDIA,Clariant Chemicals (India) Limited
506390,CMICABLES,CMI Limited
533407,CNOVAPETRO,CIL Nova Petrochemicals Limited
533278,COALINDIA,Coal India Limited
540678,COCHINSHIP,Cochin Shipyard Limited
532541,COFORGE,Coforge Limited
500830,COLPAL,Colgate Palmolive (India) Limited
500830,COMPINFO,Compuage Infocom Limited
532339,COMPUSOFT,Compucom Software Limited
531344,CONCOR,Container Corporation of India Limited
526829,CONFIPET,Confidence Petroleum India Limited
526829,CONSOFINVT,Consolidated Finvest & Holdings Limited
522295,CONTROLPR,Control Print Limited
531556,CORALFINAC,Coral India Finance & Housing Limited
532941,CORDSCABLE,Cords Cable Industries Limited
506395,COROMANDEL,Coromandel International Limited
508814,COSMOFILMS,Cosmo Films Limited
531624,COUNCODOS,Country Condo's Limited
531624,COX&KINGS,Cox & Kings Limited
539527,CREATIVE,Creative Peripherals and Distribution Limited
532392,CREATIVEYE,Creative Eye Limited
541770,CREDITACC,CREDITACCESS GRAMEEN LIMITED
511413,CREST,Crest Ventures Limited
500092,CRISIL,CRISIL Limited
539876,CROMPTON,Crompton Greaves Consumer Electricals Limited
542867,CSBBANK,CSB Bank Limited
532801,CTE,Cambridge Technology Enterprises Limited
532210,CUB,City Union Bank Limited
526027,CUBEXTUB,Cubex Tubings Limited
500480,CUMMINSIND,Cummins India Limited
530843,CUPID,Cupid Limited
532640,CYBERMEDIA,Cyber Media (India) Limited
532173,CYBERTECH,Cybertech Systems And Software Limited
532175,CYIENT,Cyient Limited
532783,DAAWAT,LT Foods Limited
500096,DABUR,Dabur India Limited
542216,DALBHARAT,Dalmia Bharat Limited
500097,DALMIASUG,Dalmia Bharat Sugar and Industries Limited
500097,DAMODARIND,Damodar Industries Limited
500097,DANGEE,Dangee Dums Limited
532528,DATAMATICS,Datamatics Global Services Limited
533151,DBCORP,D.B.Corp Limited
540047,DBL,Dilip Buildcon Limited
533160,DBREALTY,D B Realty Limited
530393,DBSTOCKBRO,DB (International) Stock Brokers Limited
540701,DCAL,Dishman Carbogen Amcis Limited
532772,DCBBANK,DCB Bank Limited
502820,DCM,DCM  Limited
511611,DCMFINSERV,DCM Financial Services Limited
542729,DCMNVL,DCM Nouvelle Limited
523367,DCMSHRIRAM,DCM Shriram Limited
500117,DCW,DCW Limited
502137,DECCANCE,Deccan Cements Limited
500645,DEEPAKFERT,Deepak Fertilizers and Petrochemicals Corporation Limited
500645,DEEPAKNTR,Deepak Nitrite Limited
532760,DEEPENR,DEEP ENERGY RESOURCES LIMITED
532848,DELTACORP,Delta Corp Limited
504286,DELTAMAGNT,Delta Manufacturing Limited
533137,DEN,Den Networks Limited
590031,DENORA,De Nora India Limited
590031,DFMFOODS,DFM Foods Limited
542685,DGCONTENT,Digicontent Limited
500119,DHAMPURSUG,Dhampur Sugar Mills Limited
532180,DHANBANK,Dhanlaxmi Bank Limited
532960,DHANI,Dhani Services Limited
507717,DHANUKA,Dhanuka Agritech Limited
507442,DHARSUGAR,Dharani Sugars & Chemicals Limited
511072,DHFL,Dewan Housing Finance Corporation Limited
533336,DHUNINV,Dhunseri Investments Limited
540724,DIAMONDYD,Prataap Snacks Limited
500089,DICIND,DIC India Limited
517214,DIGISPICE,DiGiSPICE Technologies Limited
539979,DIGJAMLTD,Digjam Limited
532839,DISHTV,Dish TV India Limited
532488,DIVISLAB,Divi's Laboratories Limited
540699,DIXON,Dixon Technologies (India) Limited
532868,DLF,DLF Limited
533146,DLINKINDIA,D-Link (India) Limited
540376,DMART,Avenue Supermarts Limited
540789,DNAMEDIA,Diligent Media Corporation Limited
505526,DOLAT,Dolat Investments Limited
541403,DOLLAR,Dollar Industries Limited
512519,DONEAR,Donear Industries Limited
512519,DPABHUSHAN,D. P. Abhushan Limited
512519,DPSCLTD,DPSC Limited
512519,DPWIRES,D P Wires Limited
533176,DQE,DQ Entertainment (International) Limited
523618,DREDGECORP,Dredging Corporation of India Limited
500124,DRREDDY,Dr. Reddy's Laboratories Limited
532365,DSSL,Dynacons Systems & Solutions Limited
532365,DTIL,Dhunseri Tea & Industries Limited
534674,DUCON,Ducon Infratechnologies Limited
523736,DVL,Dhunseri Ventures Limited
532610,DWARKESH,Dwarikesh Sugar Industries Limited
505242,DYNAMATECH,Dynamatic Technologies Limited
532707,DYNPRO,Dynemic Products Limited
532751,EASUNREYRL,Easun Reyrolle Limited
533452,EBIXFOREX,EBIXCASH WORLD MONEY INDIA LIMITED
532927,ECLERX,eClerx Services Limited
532922,EDELWEISS,Edelweiss Financial Services Limited
532696,EDUCOMP,Educomp Solutions Limited
505200,EICHERMOT,Eicher Motors Limited
500125,EIDPARRY,EID Parry India Limited
523127,EIHAHOTELS,EIH Associated Hotels Limited
500840,EIHOTEL,EIH Limited
523708,EIMCOELECO,Eimco Elecon (India) Limited
532684,EKC,Everest Kanto Cylinder Limited
505700,ELECON,Elecon Engineering Company Limited
500128,ELECTCAST,Electrosteel Castings Limited
526608,ELECTHERM,Electrotherm (India) Limited
522074,ELGIEQUIP,Elgi Equipments Limited
522074,ELGIRUBCO,Elgi Rubber Company Limited
531162,EMAMILTD,Emami Limited
533208,EMAMIPAP,Emami Paper Mills Limited
533218,EMAMIREAL,Emami Realty Limited
504008,EMCO,Emco Limited
532737,EMKAY,Emkay Global Financial Services Limited
533161,EMMBI,Emmbi Industries Limited
540153,ENDURANCE,Endurance Technologies Limited
532219,ENERGYDEV,Energy Development Company Limited
532178,ENGINERSIN,Engineers India Limited
532700,ENIL,Entertainment Network (India) Limited
500135,EPL,EPL Limited
539844,EQUITAS,Equitas Holdings Limited
543243,EQUITASBNK,Equitas Small Finance Bank Limited
540596,ERIS,Eris Lifesciences Limited
533261,EROSMEDIA,Eros International Media Limited
500133,ESABINDIA,Esab India Limited
500495,ESCORTS,Escorts Limited
533704,ESSARSHPNG,Essar Shipping Limited
500136,ESTER,Ester Industries Limited
521014,EUROTEXIND,Eurotex Industries and Exports Limited
531508,EVEREADY,Eveready Industries India Limited
508906,EVERESTIND,Everest Industries Limited
533090,EXCEL,Excel Realty N Infra Limited
500650,EXCELINDUS,Excel Industries Limited
500086,EXIDEIND,Exide Industries Limited
533121,EXPLEOSOL,Expleo Solutions Limited
590024,FACT,Fertilizers and Chemicals Travancore Limited
543252,FAIRCHEMOR,Fairchem Organics Limited
533333,FCL,Fineotex Chemical Limited
533400,FCONSUMER,Future Consumer Limited
532666,FCSSOFT,FCS Software Solutions Limited
531599,FDC,FDC Limited
500469,FEDERALBNK,The Federal Bank  Limited
523574,FEL,Future Enterprises Limited
570002,FELDVR,Future Enterprises Limited
532768,FIEMIND,Fiem Industries Limited
526227,FILATEX,Filatex India Limited
500144,FINCABLES,Finolex Cables Limited
541557,FINEORG,Fine Organic Industries Limited
541557,FINPIPE,Finolex Industries Limited
533638,FLEXITUFF,Flexituff Ventures International Limited
536507,FLFL,Future Lifestyle Fashions Limited
542812,FLUOROCHEM,Gujarat Fluorochemicals Limited
505744,FMGOETZE,Federal-Mogul Goetze (India) Limited.
533296,FMNL,Future Market Networks Limited
500033,FORCEMOT,FORCE MOTORS LTD
532843,FORTIS,Fortis Healthcare Limited
500150,FOSECOIND,Foseco India Limited
540064,FRETAIL,Future Retail Limited
540798,FSC,Future Supply Chain Solutions Limited
532809,FSL,Firstsource Solutions Limited
505714,GABRIEL,Gabriel India Limited
524226,GAEL,Gujarat Ambuja Exports Limited
532155,GAIL,GAIL (India) Limited
533275,GAL,Gyscoal Alloys Limited
540935,GALAXYSURF,Galaxy Surfactants Limited
532726,GALLANTT,Gallantt Metal Limited
533265,GALLISPAT,Gallantt Ispat Limited
532959,GAMMNINFRA,Gammon Infrastructure Projects Limited
513108,GANDHITUBE,Gandhi Special Tubes Limited
514167,GANECOS,Ganesha Ecosphere Limited
526367,GANESHHOUC,Ganesh Housing Corporation Limited
526367,GANGESSECU,Ganges Securities Limited
509557,GARFIBRES,Garware Technical Fibres Limited
532345,GATI,GATI Limited
541546,GAYAHWS,Gayatri Highways Limited
532767,GAYAPROJ,Gayatri Projects Limited
533204,GBGLOBAL,GB Global Limited
532622,GDL,Gateway Distriparks Limited
532764,GEECEE,GeeCee Ventures Limited
532764,GEEKAYWIRE,Geekay Wires Limited
539407,GENCON,Generic Engineering Construction and Projects Limited
506109,GENESYS,Genesys International Corporation Limited
538961,GENUSPAPER,Genus Paper & Boards Limited
530343,GENUSPOWER,Genus Power Infrastructures Limited
532285,GEOJITFSL,Geojit Financial Services Limited
532309,GEPIL,GE Power India Limited
500620,GESHIP,The Great Eastern Shipping Company Limited
500620,GET&D,GE T&D India Limited
500620,GFLLIMITED,GFL Limited
500620,GFSTEELS,Grand Foundry Limited
500171,GHCL,GHCL Limited
511676,GICHSGFIN,GIC Housing Finance Limited
540755,GICRE,General Insurance Corporation of India
532716,GILLANDERS,Gillanders Arbuthnot & Company Limited
507815,GILLETTE,Gillette India Limited
590025,GINNIFILA,Ginni Filaments Limited
517300,GIPCL,Gujarat Industries Power Company Limited
533048,GISOLUTION,GI Engineering Solutions Limited
533048,GKWLIMITED,GKW Limited
543245,GLAND,Gland Pharma Limited
500660,GLAXO,GlaxoSmithKline Pharmaceuticals Limited
532296,GLENMARK,Glenmark Pharmaceuticals Limited
500174,GLFL,Gujarat Lease Financing Limited
500174,GLOBAL,Global Education Limited
532773,GLOBALVECT,Global Vectra Helicorp Limited
532773,GLOBE,Globe Textiles (India) Limited
501848,GLOBOFFS,Global Offshore Services Limited
533104,GLOBUSSPR,Globus Spirits Limited
507488,GMBREW,GM Breweries Limited
532181,GMDCLTD,Gujarat Mineral Development Corporation Limited
532181,GMMPFAUDLR,GMM Pfaudler Limited
532754,GMRINFRA,GMR Infrastructure Limited
540124,GNA,GNA Axles Limited
500670,GNFC,Gujarat Narmada Valley Fertilizers and Chemicals Limited
509567,GOACARBON,Goa Carbon Limited
506480,GOCLCORP,GOCL Corporation Limited
500163,GODFRYPHLP,Godfrey Phillips India Limited
500163,GODHA,Godha Cabcon & Insulation Limited
540743,GODREJAGRO,Godrej Agrovet Limited
532424,GODREJCP,Godrej Consumer Products Limited
500164,GODREJIND,Godrej Industries Limited
533150,GODREJPROP,Godrej Properties Limited
533189,GOENKA,Goenka Diamond and Jewels Limited
532630,GOKEX,Gokaldas Exports Limited
532980,GOKUL,Gokul Refoils and Solvent Limited
539725,GOKULAGRO,Gokul Agro Resources Limited
500151,GOLDENTOBC,Golden Tobacco Limited
526729,GOLDIAM,Goldiam International Limited
531439,GOLDTECH,Goldstone Technologies Limited
530655,GOODLUCK,Goodluck India Limited
500168,GOODYEAR,Goodyear India Limited
532734,GPIL,Godawari Power And Ispat limited
533248,GPPL,Gujarat Pipavav Port Limited
533761,GPTINFRA,GPT Infraprojects Limited
532482,GRANULES,Granules India Limited
509488,GRAPHITE,Graphite India Limited
500300,GRASIM,Grasim Industries Limited
533282,GRAVITA,Gravita India Limited
501455,GREAVESCOT,Greaves Cotton Limited
501455,GREENLAM,Greenlam Industries Limited
542857,GREENPANEL,Greenpanel Industries Limited
526797,GREENPLY,Greenply Industries Limited
533263,GREENPOWER,Orient Green Power Company Limited
506076,GRINDWELL,Grindwell Norton Limited
506076,GROBTEA,The Grob Tea Company Limited
509152,GRPLTD,GRP Limited
542011,GRSE,Garden Reach Shipbuilders & Engineers Limited
518029,GSCLCEMENT,Gujarat Sidhee Cement Limited
500690,GSFC,Gujarat State Fertilizers & Chemicals Limited
532702,GSPL,Gujarat State Petronet Limited
532951,GSS,GSS Infotech Limited
500160,GTL,GTL Limited
532775,GTLINFRA,GTL Infrastructure Limited
532775,GTNIND,GTN Industries Limited
532744,GTNTEX,GTN Textiles Limited
540602,GTPL,GTPL Hathway Limited
509079,GUFICBIO,Gufic Biosciences Limited
530001,GUJALKALI,Gujarat Alkalies and Chemicals Limited
522217,GUJAPOLLO,Gujarat Apollo Industries Limited
522217,GUJGASLTD,Gujarat Gas Limited
522217,GUJRAFFIA,Gujarat Raffia Industries Limited
538567,GULFOILLUB,Gulf Oil Lubricants India Limited
532543,GULFPETRO,GP Petroleums Limited
532457,GULPOLY,Gulshan Polyols Limited
541154,HAL,Hindustan Aeronautics Limited
543227,HAPPSTMNDS,Happiest Minds Technologies Limited
590043,HARITASEAT,Harita Seating Systems Limited
500467,HARRMALAYA,Harrisons  Malayalam Limited
533162,HATHWAY,Hathway Cable & Datacom Limited
531531,HATSUN,Hatsun Agro Product Limited
517354,HAVELLS,Havells India Limited
531322,HAVISHA,Sri Havisha Hospitality and Infrastructure Limited
517271,HBLPOWER,HBL Power Systems Limited
517271,HBSL,HB Stockholdings Limited
500185,HCC,Hindustan Construction Company Limited
539787,HCG,Healthcare Global Enterprises Limited
539787,HCL-INSYS,HCL Infosystems Limited
532281,HCLTECH,HCL Technologies Limited
500010,HDFC,Housing Development Finance Corporation Limited
541729,HDFCAMC,HDFC Asset Management Company Limited
500180,HDFCBANK,HDFC Bank Limited
540777,HDFCLIFE,HDFC Life Insurance Company Limited
532873,HDIL,Housing Development and Infrastructure Limited
509631,HEG,HEG Limited
500292,HEIDELBERG,HeidelbergCement India Limited
543242,HEMIPROP,Hemisphere Properties India Limited
505720,HERCULES,Hercules Hoists Limited
519552,HERITGFOOD,Heritage Foods Limited
500182,HEROMOTOCO,Hero MotoCorp Limited
524669,HESTERBIO,Hester Biosciences Limited
534328,HEXATRADEX,Hexa Tradex Limited
500183,HFCL,HFCL Limited
541019,HGINFRA,H.G. Infra Engineering Limited
532859,HGS,Hinduja Global Solutions Limited
524735,HIKAL,Hikal Limited
509675,HIL,HIL Limited
532847,HILTON,Hilton Metal Forging Limited
514043,HIMATSEIDE,Himatsingka Seide Limited
500440,HINDALCO,Hindalco Industries Limited
509635,HINDCOMPOS,Hindustan Composites Limited
513599,HINDCOPPER,Hindustan Copper Limited
500500,HINDMOTORS,Hindustan Motors Limited
515145,HINDNATGLS,Hindusthan National Glass & Industries Limited
500186,HINDOILEXP,Hindustan Oil Exploration Company Limited
500186,HINDPETRO,Hindustan Petroleum Corporation Limited
500696,HINDUNILVR,Hindustan Unilever Limited
500188,HINDZINC,Hindustan Zinc Limited
504036,HIRECT,Hind Rectifiers Limited
504036,HISARMETAL,Hisar Metal Industries Limited
504036,HITECH,Hi-Tech Pipes Limited
526217,HITECHCORP,Hitech Corporation Limited
522073,HITECHGEAR,The Hi-Tech Gears Limited
500193,HLVLTD,HLV LIMITED
500191,HMT,HMT Limited
533217,HMVL,Hindustan Media Ventures Limited
519126,HNDFDS,Hindustan Foods Limited
519126,HOMEFIRST,Home First Finance Company India Limited
517174,HONAUT,Honeywell Automation India Limited
522064,HONDAPOWER,Honda India Power Products Limited
526683,HOTELRUGBY,Hotel Rugby Limited
532761,HOVS,HOV Services Limited
540136,HPL,HPL Electric & Power Limited
500184,HSCL,Himadri Speciality Chemical Limited
500187,HSIL,HSIL Limited
532662,HTMEDIA,HT Media Limited
532799,HUBTOWN,Hubtown Limited
540530,HUDCO,Housing & Urban Development Corporation Limited
509820,HUHTAMAKI,Huhtamaki India Limited
532832,IBREALEST,Indiabulls Real Estate Limited
535789,IBULHSGFIN,Indiabulls Housing Finance Limited
535789,ICEMAKE,Ice Make Refrigeration Limited
532174,ICICIBANK,ICICI Bank Limited
540716,ICICIGI,ICICI Lombard General Insurance Company Limited
540133,ICICIPRULI,ICICI Prudential Life Insurance Company Limited
521016,ICIL,Indo Count Industries Limited
532835,ICRA,ICRA Limited
500116,IDBI,IDBI Bank Limited
532822,IDEA,Vodafone Idea Limited
532659,IDFC,IDFC Limited
539437,IDFCFIRSTB,IDFC First Bank Limited
540750,IEX,Indian Energy Exchange Limited
507438,IFBAGRO,IFB Agro Industries Limited
505726,IFBIND,IFB Industries Limited
500106,IFCI,IFCI Limited
540774,IFGLEXPOR,IFGL Refractories Limited
517380,IGARASHI,Igarashi Motors India Limited
532514,IGL,Indraprastha Gas Limited
500199,IGPL,IG Petrochemicals Limited
532636,IIFL,IIFL Finance Limited
532636,IIFLSEC,IIFL Securities Limited
542772,IIFLWAM,Iifl Wealth Management Limited
501295,IITL,Industrial Investment Trust Limited
501295,IL&FSENGG,IL&FS Engineering and Construction Company Limited
501295,IL&FSTRANS,IL&FS Transportation Networks Limited
539056,IMAGICAA,Imagicaaworld Entertainment Limited
533047,IMFA,Indian Metals & Ferro Alloys Limited
590065,IMPAL,India Motor Parts and Accessories Limited
590065,IMPEXFERRO,Impex Ferro Tech Limited
511473,INDBANK,Indbank Merchant Banking Services Limited
500850,INDHOTEL,The Indian Hotels Company Limited
530005,INDIACEM,The India Cements Limited
500201,INDIAGLYCO,India Glycols Limited
542726,INDIAMART,Indiamart Intermesh Limited
532814,INDIANB,Indian Bank
509692,INDIANCARD,Indian Card Clothing Company Limited
504741,INDIANHUME,Indian Hume Pipe Company Limited
539448,INDIGO,InterGlobe Aviation Limited
539448,INDIGOPNTS,Indigo Paints Limited
517571,INDLMETER,IMP Powers Limited
532240,INDNIPPON,India Nippon Electricals Limited
532612,INDOCO,Indoco Remedies Limited
500207,INDORAMA,Indo Rama Synthetics (India) Limited
533257,INDOSOLAR,Indosolar Limited
541336,INDOSTAR,IndoStar Capital Finance Limited
532717,INDOTECH,Indo Tech Transformers Limited
533676,INDOTHAI,Indo Thai Securities Limited
532894,INDOWIND,Indowind Energy Limited
532150,INDRAMEDCO,Indraprastha Medical Corporation Limited
532305,INDSWFTLAB,Ind-Swift Laboratories Limited
533329,INDTERRAIN,Indian Terrain Fashions Limited
532187,INDUSINDBK,IndusInd Bank Limited
534816,INDUSTOWER,Indus Towers Limited
506222,INEOSSTYRO,INEOS Styrolution India Limited
539807,INFIBEAM,Infibeam Avenues Limited
539807,INFOBEAN,InfoBeans Technologies Limited
509069,INFOMEDIA,Infomedia Press Limited
500209,INFY,Infosys Limited
500210,INGERRAND,Ingersoll Rand (India) Limited
532706,INOXLEISUR,INOX Leisure Limited
539083,INOXWIND,Inox Wind Limited
532851,INSECTICID,Insecticides (India) Limited
532774,INSPIRISYS,Inspirisys Solutions Limited
535958,INTEGRA,Integra Garments and Textiles Limited
538835,INTELLECT,Intellect Design Arena Limited
532326,INTENTECH,Intense Technologies Limited
533506,INVENTURE,Inventure Growth & Securities Limited
532388,IOB,Indian Overseas Bank
530965,IOC,Indian Oil Corporation Limited
524164,IOLCP,IOL Chemicals and Pharmaceuticals Limited
524494,IPCALAB,IPCA Laboratories Limited
532947,IRB,IRB Infrastructure Developers Limited
541956,IRCON,Ircon International Limited
542830,IRCTC,Indian Railway Catering And Tourism Corporation Limited
542830,IRFC,Indian Railway Finance Corporation Limited
541179,ISEC,ICICI Securities Limited
533181,ISFT,Intrasoft Technologies Limited
532479,ISMTLTD,ISMT Limited
500875,ITC,ITC Limited
532189,ITDC,India Tourism Development Corporation Limited
509496,ITDCEM,ITD Cementation India Limited
523610,ITI,ITI Limited
511208,IVC,IL&FS Investment Managers Limited
507580,IVP,IVP Limited
532341,IZMO,IZMO Limited
532341,J&KBANK,The Jammu & Kashmir Bank Limited
532705,JAGRAN,Jagran Prakashan Limited
507789,JAGSNPHARM,Jagsonpal Pharmaceuticals Limited
532976,JAIBALAJI,Jai Balaji Industries Limited
512237,JAICORPLTD,Jai Corp Limited
532033,JAINSTUDIO,Jain Studios Limited
520051,JAMNAAUTO,Jamna Auto Industries Limited
520051,JASH,Jash Engineering Limited
524330,JAYAGROGN,Jayant Agro Organics Limited
520066,JAYBARMARU,Jay Bharat Maruti Limited
522285,JAYNECOIND,Jayaswal Neco Industries Limited
522285,JAYSREETEA,Jayshree Tea & Industries Limited
506943,JBCHEPHARM,JB Chemicals & Pharmaceuticals Limited
514034,JBFIND,JBF Industries Limited
532605,JBMA,JBM Auto Limited
523398,JCHAC,Johnson Controls - Hitachi Air Conditioning India Limited
532617,JETAIRWAYS,Jet Airways (India) Limited
532771,JHS,JHS Svendgaard Laboratories Limited
532771,JIKIND,JIK Industries Limited
532624,JINDALPHOT,Jindal Photo Limited
500227,JINDALPOLY,Jindal Poly Films Limited
500378,JINDALSAW,Jindal Saw Limited
532286,JINDALSTEL,Jindal Steel & Power Limited
511034,JINDRILL,Jindal Drilling And Industries Limited
531543,JINDWORLD,Jindal Worldwide Limited
570004,JISLDVREQS,Jain Irrigation Systems Limited
500219,JISLJALEQS,Jain Irrigation Systems Limited
540311,JITFINFRA,JITF Infralogistics Limited
539225,JIYAECO,Jiya Eco-Products Limited
532644,JKCEMENT,JK Cement Limited
532940,JKIL,J.Kumar Infraprojects Limited
500380,JKLAKSHMI,JK Lakshmi Cement Limited
532162,JKPAPER,JK Paper Limited
530007,JKTYRE,JK Tyre & Industries Limited
530007,JMA,Jullundur Motor Agency (Delhi) Limited
522263,JMCPROJECT,JMC Projects (India)  Limited
523405,JMFINANCIL,JM Financial Limited
513691,JMTAUTOLTD,JMT Auto Limited
513691,JOCIL,Jocil Limited
532532,JPASSOCIAT,Jaiprakash Associates Limited
533207,JPINFRATEC,Jaypee Infratech Limited
532627,JPPOWER,Jaiprakash Power Ventures Limited
532508,JSL,Jindal Stainless Limited
539597,JSLHISAR,Jindal Stainless (Hisar) Limited
533148,JSWENERGY,JSW Energy Limited
532642,JSWHL,JSW Holdings Limited
513446,JSWISPL,JSW Ispat Special Products Limited
500228,JSWSTEEL,JSW Steel Limited
520057,JTEKTINDIA,Jtekt India Limited
533155,JUBLFOOD,Jubilant Foodworks Limited
533320,JUBLINDS,Jubilant Industries Limited
533320,JUBLPHARMA,Jubilant Pharmova Limited
531337,JUMPNET,Jump Networks Limited
535648,JUSTDIAL,Just Dial Limited
532926,JYOTHYLAB,Jyothy Labs Limited
524109,KABRAEXTRU,Kabra Extrusion Technik Limited
500233,KAJARIACER,Kajaria Ceramics Limited
500234,KAKATCEM,Kakatiya Cement Sugar & Industries Limited
522287,KALPATPOWR,Kalpataru Power Transmission Limited
522287,KALYANI,Kalyani Commercials Limited
513509,KALYANIFRG,Kalyani Forge Limited
526668,KAMATHOTEL,Kamat Hotels (I) Limited
532741,KAMDHENU,Kamdhenu Limited
506184,KANANIIND,Kanani Industries Limited
506525,KANORICHEM,Kanoria Chemicals & Industries Limited
507779,KANPRPLA,Kanpur Plastipack Limited
500165,KANSAINER,Kansai Nerolac Paints Limited
500165,KAPSTON,Kapston Facilities Management Limited
541161,KARDA,Karda Constructions Limited
533451,KARMAENG,Karma Energy Limited
590003,KARURVYSYA,Karur Vysya Bank Limited
532925,KAUSHALYA,Kaushalya Infrastructure Development Corporation Limited
539276,KAYA,Kaya Limited
590066,KCP,KCP Limited
533192,KCPSUGIND,KCP Sugar and Industries Corporation Limited
532054,KDDL,KDDL Limited
532714,KEC,KEC International Limited
533193,KECL,Kirloskar Electric Company Limited
533193,KEERTI,Keerti Knowledge and Skills Limited
517569,KEI,KEI Industries Limited
519602,KELLTONTEC,Kellton Tech Solutions Limited
505890,KENNAMET,Kennametal India Limited
532686,KERNEX,Kernex Microsystems (India) Limited
502937,KESORAMIND,Kesoram Industries Limited
502937,KEYFINSERV,Keynote Financial Services Limited
531687,KGL,Karuturi Global Limited
540775,KHADIM,Khadim India Limited
507794,KHAICHEM,Khaitan Chemicals & Fertilizers Limited
531892,KHANDSE,Khandwala Securities Limited
533302,KICL,Kalyani Investment Company Limited
524500,KILITCH,Kilitch Drugs (India) Limited
524019,KINGFA,Kingfa Science & Technology (India) Limited
540680,KIOCL,KIOCL Limited
532967,KIRIINDUS,Kiri Industries Limited
500245,KIRLFER,Kirloskar Ferrous Industries Ltd
500241,KIRLOSBROS,Kirloskar Brothers Limited
533293,KIRLOSENG,Kirloskar Oil Engines Limited
500243,KIRLOSIND,Kirloskar Industries Limited
521248,KITEX,Kitex Garments Limited
532732,KKCL,Kewal Kiran Clothing Limited
532673,KMSUGAR,K.M.Sugar Mills Limited
532942,KNRCON,KNR Constructions Limited
523207,KOKUYOCMLN,Kokuyo Camlin Limited
532924,KOLTEPATIL,Kolte - Patil Developers Limited
524280,KOPRAN,Kopran Limited
500247,KOTAKBANK,Kotak Mahindra Bank Limited
500247,KOTARISUG,Kothari Sugars And Chemicals Limited
500247,KOTHARIPET,Kothari Petrochemicals Limited
530299,KOTHARIPRO,Kothari Products Limited
542651,KPITTECH,KPIT Technologies Limited
532889,KPRMILL,K.P.R. Mill Limited
530813,KRBL,KRBL Limited
524518,KREBSBIO,Krebs Biochemicals and Industries Limited
524518,KRIDHANINF,Kridhan Infra Limited
524518,KRISHANA,Krishana Phoschem Limited
500249,KSB,Ksb Limited
532899,KSCL,Kaveri Seed Company Limited
500235,KSL,Kalyani Steels Limited
532652,KTKBANK,The Karnataka Bank Limited
532937,KUANTUM,Kuantum Papers Limited
531882,KWALITY,kwality limited
531882,L&TFH,L&T Finance Holdings Limited
506079,LAKPRE,Lakshmi Precision Screws Limited
539524,LALPATHLAB,Dr. Lal Path Labs Ltd.
590075,LAMBODHARA,Lambodhara Textiles Limited
526947,LAOPALA,La Opala RG Limited
540702,LASA,Lasa Supergenerics Limited
540222,LAURUSLABS,Laurus Labs Limited
500252,LAXMIMACH,Lakshmi Machine Works Limited
541233,LEMONTREE,Lemon Tree Hotels Limited
541233,LFIC,Lakshmi Finance & Industrial Corporation Limited
500250,LGBBROSLTD,LG Balakrishnan & Bros Limited
533007,LGBFORGE,LGB Forge Limited
533007,LIBAS,Libas Consumer Products Limited
526596,LIBERTSHOE,Liberty Shoes Limited
500253,LICHSGFIN,LIC Housing Finance Limited
543240,LIKHITHA,Likhitha Infrastructure Limited
543240,LINCOLN,Lincoln Pharmaceuticals Limited
543240,LINCPEN,Linc Pen & Plastics Limited
523457,LINDEINDIA,Linde India Limited
532740,LOKESHMACH,Lokesh Machines Limited
532740,LOTUSEYE,Lotus Eye Hospital and Institute Limited
533343,LOVABLE,Lovable Lingerie Limited
533012,LPDC,Landmark Property Development Company Limited
533012,LSIL,Lloyds Steels Industries Limited
500510,LT,Larsen & Toubro Limited
540005,LTI,Larsen & Toubro Infotech Limited
540115,LTTS,L&T Technology Services Limited
517206,LUMAXIND,Lumax Industries Limited
532796,LUMAXTECH,Lumax Auto Technologies Limited
500257,LUPIN,Lupin Limited
539542,LUXIND,Lux Industries Limited
500259,LYKALABS,Lyka Labs Limited
534532,LYPSAGEMS,Lypsa Gems & Jewellery Limited
534532,M&M,Mahindra & Mahindra Limited
534532,M&MFIN,Mahindra & Mahindra Financial Services Limited
532906,MAANALU,Maan Aluminium Limited
532906,MACPOWER,Macpower CNC Machines Limited
515093,MADHAV,Madhav Marbles and Granites Limited
531497,MADHUCON,Madhucon Projects Limited
590134,MADRASFERT,Madras Fertilizers Limited
590134,MAGADSUGAR,Magadh Sugar & Energy Limited
524000,MAGMA,Magma Fincorp Limited
532896,MAGNUM,Magnum Ventures Limited
532525,MAHABANK,Bank of Maharashtra
523384,MAHAPEXLTD,Maha Rashtra Apex Corporation Limited
513554,MAHASTEEL,Mahamaya Steel Industries Limited
523754,MAHEPC,Mahindra EPC Irrigation Limited
523754,MAHESHWARI,Maheshwari Logistics Limited
532756,MAHINDCIE,Mahindra CIE Automotive Limited
532313,MAHLIFE,Mahindra Lifespace Developers Limited
540768,MAHLOG,Mahindra Logistics Limited
500266,MAHSCOOTER,Maharashtra Scooters Limited
500265,MAHSEAMLES,Maharashtra Seamless Limited
590078,MAITHANALL,Maithan Alloys Limited
590078,MAJESCO,Majesco Limited
532728,MALUPAPER,Malu Paper Mills Limited
532728,MANAKALUCO,Manaksia Aluminium Company Limited
532728,MANAKCOAT,Manaksia Coated Metals & Industries Limited
532932,MANAKSIA,Manaksia Limited
532932,MANAKSTEEL,Manaksia Steels Limited
500268,MANALIPETC,Manali Petrochemicals Limited
531213,MANAPPURAM,Manappuram Finance Limited
532637,MANGALAM,Mangalam Drugs And Organics Limited
530011,MANGCHEFER,Mangalore Chemicals & Fertilizers Limited
502157,MANGLMCEM,Mangalam Cement Limited
516007,MANGTIMBER,Mangalam Timber Products Limited
513269,MANINDS,Man Industries (India) Limited
533169,MANINFRA,Man Infraconstruction Limited
505324,MANUGRAPH,Manugraph India Limited
521018,MARALOVER,Maral Overseas Limited
503101,MARATHON,Marathon Nextgen Realty Limited
531642,MARICO,Marico Limited
531642,MARINE,Marine Electricals (India) Limited
524404,MARKSANS,Marksans Pharma Limited
532500,MARUTI,Maruti Suzuki India Limited
540749,MASFIN,MAS Financial Services Limited
540749,MASKINVEST,Mask Investments Limited
523704,MASTEK,Mastek Limited
540704,MATRIMONY,Matrimony.Com Limited
523371,MAWANASUG,Mawana Sugars Limited
543220,MAXHEALTH,Max Healthcare Institute Limited
543220,MAXIND,Max India Limited
539940,MAXVIL,Max Ventures and Industries Limited
522249,MAYURUNIQ,Mayur Uniquoters Ltd
522249,MAZDA,Mazda Limited
543237,MAZDOCK,Mazagon Dock Shipbuilders Limited
543237,MBAPL,Madhya Bharat Agro Products Limited
532629,MBECL,Mcnally Bharat Engineering Company Limited
533152,MBLINFRA,MBL Infrastructures Limited
532852,MCDHOLDING,McDowell Holdings Limited
532852,MCDOWELL-N,United Spirits Limited
532852,MCL,Madhav Copper Limited
532654,MCLEODRUSS,Mcleod Russel India Limited
534091,MCX,Multi Commodity Exchange of India Limited
532408,MEGASOFT,Megasoft Limited
532865,MEGH,Meghmani Organics Limited
532307,MELSTAR,Melstar Information Technologies Limited
523828,MENONBE,Menon Bearings Limited
539126,MEP,MEP Infrastructure Developers Limited
526235,MERCATOR,Mercator Limited
513335,METALFORGE,Metalyst Forgings Limited
532990,METKORE,Metkore Alloys & Industries Limited
542650,METROPOLIS,Metropolis Healthcare Limited
500271,MFSL,Max Financial Services Limited
500271,MGEL,Mangalam Global Enterprise Limited
539957,MGL,Mahanagar Gas Limited
533088,MHRIL,Mahindra Holidays & Resorts India Limited
532850,MIC,MIC Electronics Limited
541195,MIDHANI,Mishra Dhatu Nigam Limited
538962,MINDACORP,Minda Corporation Limited
532539,MINDAIND,Minda Industries Limited
517344,MINDTECK,Mindteck (India) Limited
532819,MINDTREE,MindTree Limited
500279,MIRCELECTR,MIRC Electronics Limited
526642,MIRZAINT,Mirza International Limited
526642,MITTAL,Mittal Life Style Limited
522241,MMFL,MM Forgings Limited
522241,MMP,MMP Industries Limited
513377,MMTC,MMTC Limited
500890,MODIRUBBER,Modi Rubber Limited
531453,MOHITIND,Mohit Industries Limited
530047,MOHOTAIND,Mohota Industries Limited
533286,MOIL,MOIL Limited
533286,MOLDTECH,Mold-Tek Technologies Limited
533080,MOLDTKPAC,Mold-Tek Packaging Limited
538836,MONTECARLO,Monte Carlo Fashions Limited
532621,MORARJEE,Morarjee Textiles Limited
500288,MOREPENLAB,Morepen Laboratories Limited
517334,MOTHERSUMI,Motherson Sumi Systems Limited
532892,MOTILALOFS,Motilal Oswal Financial Services Limited
501343,MOTOGENFIN,The Motor & General Finance Limited
526299,MPHASIS,MphasiS Limited
532440,MPSLTD,MPS Limited
500290,MRF,MRF Limited
500290,MRO-TEK,MRO-TEK Realty Limited
500109,MRPL,Mangalore Refinery and Petrochemicals Limited
532650,MSPL,MSP Steel & Power Limited
532650,MSTCLTD,Mstc Limited
534312,MTEDUCARE,MT Educare Limited
500108,MTNL,Mahanagar Telephone Nigam Limited
532097,MUKANDENGG,Mukand Engineers Limited
500460,MUKANDLTD,Mukand Limited
532357,MUKTAARTS,Mukta Arts Limited
520059,MUNJALAU,Munjal Auto Industries Limited
520043,MUNJALSHOW,Munjal Showa Limited
515037,MURUDCERA,Murudeshwar Ceramics Limited
515037,MUTHOOTCAP,Muthoot Capital Services Limited
533398,MUTHOOTFIN,Muthoot Finance Limited
524709,NACLIND,NACL Industries Limited
524709,NAGAFERT,Nagarjuna Fertilizers and Chemicals Limited
532895,NAGREEKCAP,Nagreeka Capital & Infrastructure Limited
521109,NAGREEKEXP,Nagreeka Exports Limited
532952,NAHARCAP,Nahar Capital and Financial Services Limited
519136,NAHARINDUS,Nahar Industrial Enterprises Limited
523391,NAHARPOLY,Nahar Poly Films Limited
500296,NAHARSPING,Nahar Spinning Mills Limited
500296,NAM-INDIA,Nippon Life India Asset Management Limited
524816,NATCOPHARM,Natco Pharma Limited
537291,NATHBIOGEN,Nath Bio-Genes (India) Limited
532234,NATIONALUM,National Aluminium Company Limited
513179,NATNLSTEEL,National Steel And Agro Industries Limited
532777,NAUKRI,Info Edge (India) Limited
532504,NAVINFLUOR,Navin Fluorine International Limited
539332,NAVKARCORP,Navkar Corporation Limited
508989,NAVNETEDUL,Navneet Education Limited
534309,NBCC,NBCC (India) Limited
534309,NBIFIN,N. B. I. Industrial Finance Company Limited
513023,NBVENTURES,Nava Bharat Ventures Limited
500294,NCC,NCC Limited
502168,NCLIND,NCL Industries Limited
502168,NDGL,Naga Dhunseri Group Limited
532641,NDL,Nandan Denim Limited
543214,NDRAUTO,Ndr Auto Components Limited
532529,NDTV,New Delhi Television Limited
534615,NECCLTD,North Eastern Carrying Corporation Limited
532649,NECLIFE,Nectar Lifesciences Limited
532864,NELCAST,Nelcast Limited
504112,NELCO,NELCO Limited
542665,NEOGEN,Neogen Chemicals Limited
505355,NESCO,Nesco Limited
500790,NESTLEIND,Nestle India Limited
532798,NETWORK18,Network18 Media & Investments Limited
524558,NEULANDLAB,Neuland Laboratories Limited
540900,NEWGEN,Newgen Software Technologies Limited
532416,NEXTMEDIA,Next Mediaworks Limited
523630,NFL,National Fertilizers Limited
539551,NH,Narayana Hrudayalaya Ltd.
533098,NHPC,NHPC Limited
540769,NIACL,The New India Assurance Company Limited
540769,NIBL,NRB Industrial Bearings Limited
500304,NIITLTD,NIIT Limited
500304,NILAINFRA,Nila Infrastructures Limited
542231,NILASPACES,Nila Spaces Limited
523385,NILKAMAL,Nilkamal Limited
504058,NIPPOBATRY,Indo-National Limited
532986,NIRAJ,Niraj Cement Structurals Limited
532986,NIRAJISPAT,Niraj Ispat Industries Limited
532722,NITCO,Nitco Limited
532854,NITINFIRE,Nitin Fire Protection Industries Limited
532698,NITINSPIN,Nitin Spinners Limited
519494,NKIND,NK Industries Limited
513683,NLCINDIA,NLC India Limited
526371,NMDC,NMDC Limited
500730,NOCIL,NOCIL Limited
532481,NOIDATOLL,Noida Toll Bridge Company Limited
532481,NORBTEAEXP,Norben Tea & Exports Limited
500672,NOVARTIND,Novartis India Limited
500672,NRAIL,N R Agarwal Industries Limited
530367,NRBBEARING,NRB Bearing Limited
532256,NSIL,Nalwa Sons Investments Limited
532887,NTL,Neueon Towers Limited
532555,NTPC,NTPC Limited
531209,NUCLEUS,Nucleus Software Exports Limited
500189,NXTDIGITAL,NXTDIGITAL LIMITED
500078,OAL,Oriental Aromatics Limited
533273,OBEROIRLTY,Oberoi Realty Limited
533273,OCCL,Oriental Carbon & Chemicals Limited
532466,OFSS,Oracle Financial Services Software Limited
533106,OIL,Oil India Limited
533106,OILCOUNTUB,Oil Country Tubular Limited
532439,OLECTRA,Olectra Greentech Limited
520021,OMAXAUTO,Omax Autos Limited
532880,OMAXE,Omaxe Limited
532880,OMINFRAL,OM INFRA LIMITED
532880,OMKARCHEM,Omkar Speciality Chemicals Limited
533632,ONELIFECAP,Onelife Capital Advisors Limited
533632,ONEPOINT,One Point One Solutions Limited
500312,ONGC,Oil & Natural Gas Corporation Limited
532944,ONMOBILE,OnMobile Global Limited
517536,ONWARDTEC,Onward Technologies Limited
530135,OPTIEMUS,Optiemus Infracom Limited
532391,OPTOCIRCUI,Opto Circuits (India) Limited
512626,ORBTEXP,Orbit Exports Limited
512626,ORCHPHARMA,Orchid Pharma Limited
512626,ORICONENT,Oricon Enterprises Limited
504879,ORIENTABRA,Orient Abrasives Limited
532817,ORIENTALTL,Oriental Trimex Limited
530365,ORIENTBELL,Orient Bell Limited
535754,ORIENTCEM,Orient Cement Limited
541301,ORIENTELEC,Orient Electric Limited
500314,ORIENTHOT,Oriental Hotels Limited
526325,ORIENTLTD,Orient Press Limited
502420,ORIENTPPR,Orient Paper & Industries Limited
534076,ORIENTREF,Orient Refractories Limited
590086,ORISSAMINE,The Orissa Minerals Development Company Limited
539015,ORTEL,Ortel Communications Limited
500317,OSWALAGRO,Oswal Agro Mills Limited
517230,PAEL,PAE Limited
532827,PAGEIND,Page Industries Limited
532900,PAISALO,Paisalo Digital Limited
532900,PALASHSECU,Palash Securities Limited
532900,PALREDTEC,Palred Technologies Limited
531349,PANACEABIO,Panacea Biotec Limited
538742,PANACHE,Panache Digilife Limited
524820,PANAMAPET,Panama Petrochem Limited
530555,PARACABLES,Paramount Communications Limited
539889,PARAGMILK,Parag Milk Foods Limited
532780,PARSVNATH,Parsvnath Developers Limited
531120,PATELENG,Patel Engineering Limited
526381,PATINTLOG,Patel Integrated Logistics Limited
514326,PATSPINLTD,Patspin India Limited
534809,PCJEWELLER,PC Jeweller Limited
539785,PDMJEPAPER,Pudumjee Paper Products Limited
538730,PDSMFL,PDS Multinational Fashions Limited
523260,PEARLPOLY,Pearl Polymers Limited
500302,PEL,Piramal Enterprises Limited
513228,PENIND,Pennar Industries Limited
503031,PENINLAND,Peninsula Land Limited
533179,PERSISTENT,Persistent Systems Limited
532522,PETRONET,Petronet LNG Limited
532810,PFC,Power Finance Corporation Limited
500680,PFIZER,Pfizer Limited
532748,PFOCUS,Prime Focus Limited
533344,PFS,PTC India Financial Services Limited
533581,PGEL,PG Electroplast Limited
500459,PGHH,Procter & Gamble Hygiene and Health Care Limited
500126,PGHL,Procter & Gamble Health Limited
532808,PGIL,Pearl Global Industries Limited
506590,PHILIPCARB,Phillips Carbon Black Limited
503100,PHOENIXLTD,The Phoenix Mills Limited
500331,PIDILITIND,Pidilite Industries Limited
523642,PIIND,PI Industries Limited
539883,PILANIINVS,Pilani Investment and Industries Corporation Limited
500327,PILITA,PIL ITALICA LIFESTYLE LIMITED
531879,PIONDIST,Pioneer Distilleries Limited
514300,PIONEEREMB,Pioneer Embroideries Limited
513519,PITTIENG,Pitti Engineering Limited
513519,PKTEA,The Peria Karamalai Tea & Produce Company Limited
523648,PLASTIBLEN,Plastiblends India Limited
532461,PNB,Punjab National Bank
532366,PNBGILTS,PNB Gilts Limited
540173,PNBHOUSING,PNB Housing Finance Limited
532387,PNC,Pritish Nandy Communications Limited
539150,PNCINFRA,PNC Infratech Limited
539150,PODDARHOUS,Poddar Housing and Development Limited
539150,PODDARMENT,Poddar Pigments Limited
532486,POKARNA,Pokarna Limited
542652,POLYCAB,Polycab India Limited
531768,POLYMED,Poly Medicure Limited
524051,POLYPLEX,Polyplex Corporation Limited
532460,PONNIERODE,Ponni Sugars (Erode) Limited
532898,POWERGRID,Power Grid Corporation of India Limited
543187,POWERINDIA,ABB Power Products and Systems India Limited
539302,POWERMECH,Power Mech Projects Limited
532934,PPAP,PPAP Automotive Limited
542684,PPL,Prakash Pipes Limited
539351,PRABHAT,Prabhat Dairy Limited
531746,PRAENG,Prajay Engineers Syndicate Limited
522205,PRAJIND,Praj Industries Limited
506022,PRAKASH,Prakash Industries Limited
533239,PRAKASHSTL,Prakash Steelage Limited
540901,PRAXIS,Praxis Home Retail Limited
539636,PRECAM,Precision Camshafts Limited
539636,PRECOT,Precot Limited
523539,PRECWIRE,Precision Wires India Limited
523539,PREMEXPLN,Premier Explosives Limited
500540,PREMIER,Premier Limited
514354,PREMIERPOL,Premier Polyfilm Limited
509077,PRESSMN,Pressman Advertising Limited
533274,PRESTIGE,Prestige Estates Projects Limited
540293,PRICOLLTD,Pricol Limited
500337,PRIMESECU,Prime Securities Limited
542907,PRINCEPIPE,Prince Pipes And Fittings Limited
530117,PRIVISCL,Privi Speciality Chemicals Limited
534675,PROZONINTU,Prozone Intu Properties Limited
500338,PRSMJOHNSN,Prism Johnson Limited
533295,PSB,Punjab & Sind Bank
540544,PSPPROJECT,PSP Projects Limited
532524,PTC,PTC India Limited
509220,PTL,PTL Enterprises Limited
506618,PUNJABCHEM,Punjab Chemicals & Crop Protection Limited
532693,PUNJLLOYD,Punj Lloyd Limited
532891,PURVA,Puravankara Limited
532689,PVR,PVR Limited
539978,QUESS,Quess Corp Limited
539678,QUICKHEAL,Quick Heal Technologies Limited
590070,RADAAN,Radaan Mediaworks India Limited
532497,RADICO,Radico Khaitan Limited
540366,RADIOCITY,Music Broadcast Limited
500339,RAIN,Rain Industries Limited
531500,RAJESHEXPO,Rajesh Exports Limited
531500,RAJMET,Rajnandini Metal Limited
531500,RAJRATAN,Rajratan Global Wire Limited
530699,RAJRAYON,Raj Rayon Industries Limited
500354,RAJSREESUG,Rajshree Sugars & Chemicals Limited
532826,RAJTV,Raj Television Network Limited
500355,RALLIS,Rallis India Limited
500356,RAMANEWS,Shree Rama Newsprint Limited
539309,RAMASTEEL,Rama Steel Tubes Limited
500260,RAMCOCEM,The Ramco Cements Limited
532369,RAMCOIND,Ramco Industries Limited
532370,RAMCOSYS,Ramco Systems Limited
533262,RAMKY,Ramky Infrastructure Limited
507490,RANASUG,Rana Sugars Limited
532988,RANEENGINE,Rane Engine Valve Limited
505800,RANEHOLDIN,Rane Holdings Limited
520111,RATNAMANI,Ratnamani Metals & Tubes Limited
500330,RAYMOND,Raymond Limited
500330,RBL,Rane Brake Lining Limited
540065,RBLBANK,RBL Bank Limited
524230,RCF,Rashtriya Chemicals and Fertilizers Limited
532712,RCOM,Reliance Communications Limited
532955,RECLTD,REC Limited
532805,REDINGTON,Redington (India) Limited
532884,REFEX,Refex Industries Limited
530517,RELAXO,Relaxo Footwears Limited
500111,RELCAPITAL,Reliance Capital Limited
500325,RELIANCE,Reliance Industries Limited
532915,RELIGARE,Religare Enterprises Limited
500390,RELINFRA,Reliance Infrastructure Limited
530919,REMSONSIND,Remsons Industries Limited
532670,RENUKA,Shree Renuka Sugars Limited
535322,REPCOHOME,Repco Home Finance Limited
535322,REPL,Rudrabhishek Enterprises Limited
532687,REPRO,Repro India Limited
505509,RESPONIND,Responsive Industries Limited
505368,REVATHI,Revathi Equipment Limited
532923,RGL,Renaissance Global Limited
532923,RHFL,Reliance Home Finance Limited
520008,RICOAUTO,Rico Auto Industries Limited
523445,RIIL,Reliance Industrial Infrastructure Limited
541556,RITES,RITES Limited
533294,RKDL,Ravi Kumar Distilleries Limited
533294,RKEC,RKEC Projects Limited
532527,RKFORGE,Ramkrishna Forgings Limited
532692,RMCL,Radha Madhav Corporation Limited
532661,RML,Rane (Madras) Limited
533107,RNAVAL,Reliance Naval and Engineering Limited
532699,ROHLTD,Royal Orchid Hotels Limited
502448,ROLLT,Rollatainers Limited
500366,ROLTA,Rolta India Limited
500366,ROML,Raj Oil Mills Limited
543213,ROSSARI,Rossari Biotech Limited
533168,ROSSELLIND,Rossell India Limited
543228,ROUTE,ROUTE MOBILE LIMITED
532983,RPGLIFE,RPG Life Sciences Limited
532939,RPOWER,Reliance Power Limited
533284,RPPINFRA,R.P.P. Infra Projects Limited
533284,RPSGVENT,RPSG VENTURES LIMITED
517447,RSSOFTWARE,R. S. Software (India) Limited
500350,RSWM,RSWM Limited
500350,RSYSTEMS,R Systems International Limited
534597,RTNINFRA,RattanIndia Infrastructure Limited
533122,RTNPOWER,RattanIndia Power Limited
503169,RUBYMILLS,The Ruby Mills Limited
503169,RUCHI,Ruchi Soya Industries Limited
509020,RUCHINFRA,Ruchi Infrastructure Limited
532785,RUCHIRA,Ruchira Papers Limited
533552,RUPA,Rupa & Company Limited
533470,RUSHIL,Rushil Decor Limited
543251,RVHL,Ravinder Heights Limited
542649,RVNL,Rail Vikas Nigam Limited
542649,S&SPOWER,S&S Power Switchgears Limited
542649,SABEVENTS,Sab Events & Governance Now Media Limited
542649,SABTN,Sri Adhikari Brothers Television Network Limited
532710,SADBHAV,Sadbhav Engineering Limited
539346,SADBHIN,Sadbhav Infrastructure Project Limited
539346,SAFARI,Safari Industries (India) Limited
539346,SAGARDEEP,Sagardeep Alloys Limited
502090,SAGCEM,Sagar Cements Limited
500113,SAIL,Steel Authority of India Limited
500113,SAKAR,Sakar Healthcare Limited
507315,SAKHTISUG,Sakthi Sugars Limited
590051,SAKSOFT,Saksoft Limited
532713,SAKUMA,Sakuma Exports Limited
540642,SALASAR,Salasar Techno Engineering Limited
540642,SALONA,Salona Cotspin Limited
532604,SALSTEEL,S.A.L. Steel Limited
532604,SALZERELEC,Salzer Electronics Limited
511630,SAMBHAAV,Sambhaav Media Limited
511630,SANCO,Sanco Industries Limited
526725,SANDESH,The Sandesh Limited
541163,SANDHAR,Sandhar Technologies Limited
514234,SANGAMIND,Sangam (India) Limited
526521,SANGHIIND,Sanghi Industries Limited
533411,SANGHVIFOR,Sanghvi Forging and Engineering Limited
530073,SANGHVIMOV,Sanghvi Movers Limited
530073,SANGINITA,Sanginita Chemicals Limited
500674,SANOFI,Sanofi India Limited
519260,SANWARIA,Sanwaria Consumer Limited
504614,SARDAEN,Sarda Energy & Minerals Limited
532163,SAREGAMA,Saregama India Limited
526885,SARLAPOLY,Sarla Performance Fibers Limited
532663,SASKEN,Sasken Technologies Limited
533259,SASTASUNDR,Sastasundar Ventures Limited
539201,SATIA,Satia Industries Limited
539404,SATIN,Satin Creditcare Network Limited
543066,SBICARD,SBI Cards and Payment Services Limited
540719,SBILIFE,SBI Life Insurance Company Limited
500112,SBIN,State Bank of India
570005,SCAPDVR,Stampede Capital Limited
505790,SCHAEFFLER,Schaeffler India Limited
540497,SCHAND,S Chand And Company Limited
534139,SCHNEIDER,Schneider Electric Infrastructure Limited
523598,SCI,Shipping Corporation Of India Limited
507514,SDBL,Som Distilleries & Breweries Limited
526807,SEAMECLTD,Seamec Limited
526807,SECURKLOUD,SECUREKLOUD TECHNOLOGIES LIMITED
530075,SELAN,Selan Exploration Technology Limited
532886,SELMCL,SEL Manufacturing Company Limited
534598,SEPOWER,S.E. Power Limited
512529,SEQUENT,Sequent Scientific Limited
502450,SESHAPAPER,Seshasayee Paper and Boards Limited
505075,SETCO,Setco Automotive Limited
533605,SETUINFRA,Setubandhan Infrastructure Limited
524324,SEYAIND,Seya Industries Limited
532993,SEZAL,Sezal Glass Limited
540203,SFL,Sheela Foam Limited
532730,SGL,STL Global Limited
513436,SHAHALLOYS,Shah Alloys Limited
531431,SHAKTIPUMP,Shakti Pumps (India) Limited
540797,SHALBY,Shalby Limited
509874,SHALPAINTS,Shalimar Paints Limited
540425,SHANKARA,Shankara Building Products Limited
522034,SHANTIGEAR,Shanthi Gears Limited
538666,SHARDACROP,Sharda Cropchem Limited
538666,SHARDAMOTR,Sharda Motor Industries Limited
538666,SHAREINDIA,Share India Securities Limited
538685,SHEMAROO,Shemaroo Entertainment Limited
542905,SHIL,Somany Home Innovation Limited
530549,SHILPAMED,Shilpa Medicare Limited
532776,SHIVAMAUTO,Shivam Autotech Limited
540961,SHIVAMILLS,Shiva Mills Limited
540961,SHIVATEX,Shiva Texyarn Limited
539450,SHK,S H Kelkar and Company Limited
532638,SHOPERSTOP,Shoppers Stop Limited
532638,SHRADHA,Shradha Infraprojects Limited
502180,SHREDIGCEM,Shree Digvijay Cement Co.Ltd
500387,SHREECEM,SHREE CEMENT LIMITED
539334,SHREEPUSHK,Shree Pushkar Chemicals & Fertilisers Limited
532310,SHREERAMA,Shree Rama Multi-Tech Limited
532310,SHRENIK,Shrenik Limited
516016,SHREYANIND,Shreyans Industries Limited
520151,SHREYAS,Shreyas Shipping & Logistics Limited
520151,SHRIPISTON,Shriram Pistons & Rings Limited
532498,SHRIRAMCIT,Shriram City Union Finance Limited
532945,SHRIRAMEPC,Shriram EPC Limited
532945,SHYAMCENT,Shyam Century Ferrous Limited
517411,SHYAMTEL,Shyam Telecom Limited
533014,SICAGEN,Sicagen India Limited
520086,SICAL,Sical Logistics Limited
500550,SIEMENS,Siemens Limited
500550,SIGIND,Signet Industries Limited
530017,SIL,Standard Industries Limited
521194,SILINV,SIL Investments Limited
521194,SILLYMONKS,Silly Monks Entertainment Limited
539742,SIMBHALS,Simbhaoli Sugars Limited
523838,SIMPLEXINF,Simplex Infrastructures Limited
523838,SINTERCOM,Sintercom India Limited
502742,SINTEX,Sintex Industries Limited
502742,SIRCA,Sirca Paints India Limited
540673,SIS,SIS LIMITED
532795,SITINET,Siti Networks Limited
503811,SIYSIL,Siyaram Silk Mills Limited
533206,SJVN,SJVN Limited
500472,SKFINDIA,SKF India Limited
539861,SKIL,SKIL Infrastructure Limited
538562,SKIPPER,Skipper Limited
532143,SKMEGGPROD,SKM Egg Products Export (India) Limited
532419,SMARTLINK,Smartlink Holdings Limited
505192,SMLISUZU,SML Isuzu Limited
540679,SMSLIFE,SMS Lifesciences India Limited
532815,SMSPHARMA,SMS Pharmaceuticals Limited
538635,SNOWMAN,Snowman Logistics Limited
532784,SOBHA,Sobha Limited
541540,SOLARA,Solara Active Pharma Sciences Limited
532725,SOLARINDS,Solar Industries India Limited
531548,SOMANYCERA,Somany Ceramics Limited
521034,SOMATEX,Soma Textiles & Industries Limited
521034,SOMICONVEY,Somi Conveyor Beltings Limited
532221,SONATSOFTW,Sonata Software Limited
532679,SORILINFRA,SORIL Infra Resources Limited
524667,SOTL,Savita Oil Technologies Limited
532218,SOUTHBANK,The South Indian Bank Limited
532218,SOUTHWEST,South West Pinnacle Exploration Limited
540048,SPAL,S. P. Apparels Limited
542759,SPANDANA,Spandana Sphoorty Financial Limited
532872,SPARC,Sun Pharma Advanced Research Company Limited
534425,SPECIALITY,Speciality Restaurants Limited
534425,SPENCERS,Spencer's Retail Limited
521082,SPENTEX,Spentex Industries Limited
590030,SPIC,Southern Petrochemicals Industries Corporation  Limited
500285,SPICEJET,SPICEJET LTD
532651,SPLIL,SPL Industries Limited
500402,SPMLINFRA,SPML Infra Limited
500402,SPTL,Sintex Plastics Technology Limited
500402,SPYL,Shekhawati Poly-Yarn Limited
500402,SREEL,Sreeleathers Limited
523756,SREINFRA,SREI Infrastructure Finance Limited
503806,SRF,SRF Limited
532842,SRHHYPOLTD,Sree Rayalaseema Hi-Strength Hypo Limited
513605,SRIPIPES,Srikalahasthi Pipes Limited
513605,SRPL,Shree Ram Proteins Limited
511218,SRTRANSFIN,Shriram Transport Finance Company Limited
513262,SSWL,Steel Strips Wheels Limited
532531,STAR,Strides Pharma Science Limited
540575,STARCEMENT,Star Cement Limited
516022,STARPAPER,Star Paper Mills Limited
512531,STCINDIA,The State Trading Corporation of India Limited
512531,STEELCITY,Steel City Securities Limited
534748,STEELXIND,STEEL EXCHANGE INDIA LIMITED
533316,STEL,Stel Holdings Limited
530759,STERTOOLS,Sterling Tools Limited
532374,STLTECH,Sterlite Technologies Limited
532374,STOVEKRAFT,Stove Kraft Limited
532374,SUBCAPCITY,International Constructions Limited
532374,SUBEXLTD,Subex Limited
517168,SUBROS,Subros Limited
506655,SUDARSCHEM,Sudarshan Chemical Industries Limited
542920,SUMICHEM,Sumitomo Chemical India Limited
542920,SUMIT,Sumit Woods Limited
533306,SUMMITSEC,Summit Securities Limited
520056,SUNCLAYLTD,Sundaram Clayton Limited
533166,SUNDARAM,Sundaram Multi Pap Limited
590071,SUNDARMFIN,Sundaram Finance Limited
590071,SUNDARMHLD,Sundaram Finance Holdings Limited
590072,SUNDRMBRAK,Sundaram Brake Linings Limited
500403,SUNDRMFAST,Sundram Fasteners Limited
500404,SUNFLAG,Sunflag Iron And Steel Company Limited
524715,SUNPHARMA,Sun Pharmaceutical Industries Limited
512179,SUNTECK,Sunteck Realty Limited
532733,SUNTV,Sun TV Network Limited
523283,SUPERHOUSE,Superhouse Limited
521180,SUPERSPIN,Super Spinning Mills Limited
500405,SUPPETRO,Supreme Petrochem Limited
532509,SUPRAJIT,Suprajit Engineering Limited
532509,SUPREMEENG,Supreme Engineering Limited
509930,SUPREMEIND,Supreme Industries Limited
533298,SURANASOL,Surana Solar Limited
533298,SURANAT&P,Surana Telecom and Power Limited
521200,SURYALAXMI,Suryalakshmi Cotton Mills Limited
500336,SURYAROSNI,Surya Roshni Limited
532782,SUTLEJTEX,Sutlej Textiles and Industries Limited
532782,SUULD,Suumaya Industries Limited
530239,SUVEN,Suven Life Sciences Limited
543064,SUVENPHAR,Suven Pharmaceuticals Limited
532667,SUZLON,Suzlon Energy Limited
503310,SWANENERGY,Swan Energy Limited
500407,SWARAJENG,Swaraj Engines Limited
532051,SWELECTES,Swelect Energy Systems Limited
542760,SWSOLAR,Sterling And Wilson Solar Limited
517385,SYMPHONY,Symphony Limited
533157,SYNCOM,Syncom Healthcare Limited
539268,SYNGENE,Syngene International Limited
507785,TAINWALCHM,Tainwala Chemical and Plastic (I) Limited
532390,TAJGVK,Taj GVK Hotels & Resorts Limited
532890,TAKE,Take Solutions Limited
505160,TALBROAUTO,Talbros Automotive Components Limited
532790,TANLA,Tanla Platforms Limited
532738,TANTIACONS,Tantia Constructions Limited
543249,TARC,Anant Raj Global Limited
532869,TARMAT,Tarmat Limited
532869,TASTYBITE,Tasty Bite Eatables Limited
500770,TATACHEM,Tata Chemicals Limited
532301,TATACOFFEE,Tata Coffee Limited
500483,TATACOMM,Tata Communications Limited
500800,TATACONSUM,TATA CONSUMER PRODUCTS LIMITED
500408,TATAELXSI,Tata Elxsi Limited
501301,TATAINVEST,Tata Investment Corporation Limited
513434,TATAMETALI,Tata Metaliks Limited
500570,TATAMOTORS,Tata Motors Limited
570001,TATAMTRDVR,Tata Motors Limited
500400,TATAPOWER,Tata Power Company Limited
500470,TATASTEEL,Tata Steel Limited
500055,TATASTLBSL,Tata Steel Bsl Limited
513010,TATASTLLP,Tata Steel Long Products Limited
534369,TBZ,Tribhovandas Bhimji Zaveri Limited
532349,TCI,Transport Corporation of India Limited
533393,TCIDEVELOP,TCI Developers Limited
540212,TCIEXP,TCI Express Limited
501242,TCIFINANCE,TCI Finance Limited
541700,TCNSBRANDS,TCNS Clothing Co. Limited
523301,TCPLPACK,TCPL Packaging Limited
532540,TCS,Tata Consultancy Services Limited
533553,TDPOWERSYS,TD Power Systems Limited
539658,TEAMLEASE,Teamlease Services Limited
526576,TECHIN,Techindia Nirman Limited
532755,TECHM,Tech Mahindra Limited
542141,TECHNOE,Techno Electric & Engineering Company Limited
540595,TEJASNET,Tejas Networks Limited
533982,TERASOFT,Tera Software Limited
505400,TEXINFRA,Texmaco Infrastructure & Holdings Limited
533164,TEXMOPIPES,Texmo Pipes and Products Limited
533326,TEXRAIL,Texmaco Rail & Engineering Limited
526650,TFCILTD,Tourism Finance Corporation of India Limited
532812,TFL,Transwarranty Finance Limited
532845,TGBHOTELS,TGB Banquets And Hotels Limited
533158,THANGAMAYL,Thangamayil Jewellery Limited
530023,THEINVEST,The Investment Trust Of India Limited
530199,THEMISMED,Themis Medicare Limited
500411,THERMAX,Thermax Limited
507450,THIRUSUGAR,Thiru Arooran Sugars Limited
500413,THOMASCOOK,Thomas Cook  (India)  Limited
533941,THOMASCOTT,Thomas Scott (India) Limited
539871,THYROCARE,Thyrocare Technologies Limited
507205,TI,Tilaknagar Industries Limited
590005,TIDEWATER,Tide Water Oil Company (India) Limited
532804,TIIL,Technocraft Industries (India) Limited
540762,TIINDIA,Tube Investments of India Limited
533629,TIJARIA,Tijaria Polypipes Limited
505196,TIL,TIL Limited
511559,TIMESGTY,Times Guaranty Limited
532856,TIMETECHNO,Time Technoplast Limited
522113,TIMKEN,Timken India Limited
504966,TINPLATE,The Tinplate Company of India Limited
532375,TIPSINDLTD,TIPS Industries Limited
500412,TIRUMALCHM,Thirumalai Chemicals Limited
500412,TIRUPATIFL,Tirupati Forge Limited
500114,TITAN,Titan Company Limited
540210,TMRVL,The Mandhana Retail Ventures Limited
500777,TNPETRO,Tamilnadu PetroProducts Limited
531426,TNPL,Tamil Nadu Newsprint & Papers Limited
523419,TNTELE,Tamilnadu Telecommunication Limited
500418,TOKYOPLAST,Tokyo Plast International Limited
500420,TORNTPHARM,Torrent Pharmaceuticals Limited
532779,TORNTPOWER,Torrent Power Limited
532779,TOTAL,Total Transport Systems Limited
532779,TOUCHWOOD,Touchwood Entertainment Limited
532779,TPLPLASTEH,TPL Plastech Limited
533540,TREEHOUSE,Tree House Education & Accessories Limited
542233,TREJHARA,TREJHARA SOLUTIONS LIMITED
500251,TRENT,Trent Limited
505854,TRF,TRF Limited
521064,TRIDENT,Trident Limited
517562,TRIGYN,Trigyn Technologies Limited
532928,TRIL,Transformers And Rectifiers (India) Limited
533655,TRITURBINE,Triveni Turbine Limited
532356,TRIVENI,Triveni Engineering & Industries Limited
532356,TTKHLTCARE,TTK Healthcare Limited
517506,TTKPRESTIG,TTK Prestige Limited
514142,TTL,T T Limited
532371,TTML,Tata Teleservices (Maharashtra) Limited
532800,TV18BRDCST,TV18 Broadcast Limited
532513,TVSELECT,TVS Electronics Limited
532343,TVSMOTOR,TVS Motor Company Limited
509243,TVSSRICHAK,TVS Srichakra Limited
532515,TVTODAY,TV Today Network Limited
540083,TVVISION,TV Vision Limited
532966,TWL,Titagarh Wagons Limited
532478,UBL,United Breweries Limited
500464,UCALFUEL,Ucal Fuel Systems Limited
532505,UCOBANK,UCO Bank
500148,UFLEX,UFLEX Limited
539141,UFO,UFO Moviez India Limited
530363,UGARSUGAR,The Ugar Sugar Works Limited
533644,UJAAS,Ujaas Energy Limited
539874,UJJIVAN,Ujjivan Financial Services Limited
542904,UJJIVANSFB,Ujjivan Small Finance Bank Limited
532538,ULTRACEMCO,UltraTech Cement Limited
532538,UMANGDAIRY,Umang Dairies Limited
532398,UMESLTD,Usha Martin Education & Solutions Limited
506690,UNICHEMLAB,Unichem Laboratories Limited
522014,UNIDT,United Drilling Tools Limited
522014,UNIENTER,Uniphos Enterprises Limited
532477,UNIONBANK,Union Bank of India
507878,UNITECH,Unitech Limited
507878,UNITEDTEA,The United Nilgiri Tea Estates Company Limited
532746,UNITY,Unity Infraprojects Limited
532746,UNIVASTU,Univastu India Limited
504212,UNIVCABLES,Universal Cables Limited
542933,UNIVPHOTO,Universus Photo Imagings Limited
512070,UPL,UPL Limited
512070,URJA,Urja Global Limited
517146,USHAMART,Usha Martin Limited
543238,UTIAMC,UTI Asset Management Company Limited
513216,UTTAMSTL,Uttam Galva Steels Limited
532729,UTTAMSUGAR,Uttam Sugar Mills Limited
532867,V2RETAIL,V2 Retail Limited
519156,VADILALIND,Vadilal Industries Limited
532156,VAIBHAVGBL,Vaibhav Global Limited
532156,VAISHALI,Vaishali Pharma Limited
511431,VAKRANGEE,Vakrangee Limited
540145,VALIANTORG,Valiant Organics Limited
540145,VARDHACRLC,Vardhman Acrylics Limited
514175,VARDMNPOLY,Vardhman Polytex Limited
541578,VARROC,Varroc Engineering Limited
533156,VASCONEQ,Vascon Engineers Limited
533576,VASWANI,Vaswani Industries Limited
540180,VBL,Varun Beverages Limited
500295,VEDL,Vedanta Limited
500295,VENKEYS,Venky's (India) Limited
526953,VENUSREM,Venus Remedies Limited
526953,VERTOZ,Vertoz Advertising Limited
520113,VESUVIUS,Vesuvius India Limited
539331,VETO,Veto Switchgears And Cables Limited
532953,VGUARD,V-Guard Industries Limited
500439,VHL,Vardhman Holdings Limited
523796,VICEROY,Viceroy Hotels Limited
511389,VIDEOIND,Videocon Industries Limited
531717,VIDHIING,Vidhi Specialty Food Ingredients Limited
531717,VIJIFIN,Viji Finance Limited
530961,VIKASECO,Vikas EcoTech Limited
542655,VIKASMCORP,Vikas Multicorp Limited
531518,VIKASPROP,Vikas Proppant & Granite Limited
519307,VIKASWSP,Vikas WSP Limited
524394,VIMTALABS,Vimta Labs Limited
524200,VINATIORGA,Vinati Organics Limited
517015,VINDHYATEL,Vindhya Telelinks Limited
524129,VINYLINDIA,Vinyl Chemicals (India) Limited
532613,VIPCLOTHNG,VIP Clothing Limited
507880,VIPIND,VIP Industries Limited
507880,VIPULLTD,Vipul Limited
509055,VISAKAIND,Visaka Industries Limited
532721,VISASTEEL,Visa Steel Limited
538598,VISHAL,Vishal Fabrics Limited
516072,VISHNU,Vishnu Chemicals Limited
542852,VISHWARAJ,Vishwaraj Sugar Industries Limited
506146,VIVIDHA,Visagar Polytex Limited
532660,VIVIMEDLAB,Vivimed Labs Limited
511333,VLSFINANCE,VLS Finance Limited
534976,VMART,V-Mart Retail Limited
532757,VOLTAMP,Voltamp Transformers Limited
500575,VOLTAS,Voltas Limited
539118,VRLLOG,VRL Logistics Limited
534392,VSSL,Vardhman Special Steels Limited
509966,VSTIND,VST Industries Limited
531266,VSTTILLERS,V.S.T Tillers Tractors Limited
502986,VTL,Vardhman Textiles Limited
533269,WABAG,VA Tech Wabag Limited
533023,WABCOINDIA,WABCO India Limited
507410,WALCHANNAG,Walchandnagar Industries Limited
524212,WANBURY,Wanbury Limited
523660,WATERBASE,Waterbase Limited
523660,WEALTH,Wealth First Portfolio Managers Limited
517498,WEBELSOLAR,Websol Energy System Limited
523011,WEIZMANIND,Weizmann Limited
532144,WELCORP,Welspun Corp Limited
532553,WELENT,Welspun Enterprises Limited
533252,WELINV,Welspun Investments and Commercials Limited
514162,WELSPUNIND,Welspun India Limited
505412,WENDT,Wendt (India) Limited
505533,WESTLIFE,Westlife Development Ltd
590073,WHEELS,Wheels India Limited
500238,WHIRLPOOL,Whirlpool of India Limited
519224,WILLAMAGOR,Williamson Magor & Company Limited
522029,WINDMACHIN,Windsor Machines Limited
522029,WIPL,The Western India Plywoods Limited
507685,WIPRO,Wipro Limited
532300,WOCKPHARMA,Wockhardt Limited
538268,WONDERLA,Wonderla Holidays Limited
538451,WORTH,Worth Peripherals Limited
538451,WSI,W S Industries (I) Limited
500444,WSTCSTPAPR,West Coast Paper Mills Limited
532616,XCHANGING,Xchanging Solutions Limited
542367,XELPMOC,Xelpmoc Design And Tech Limited
590013,XPROINDIA,Xpro India Limited
533520,YAARII,Yaarii Digital Integrated Services Limited
532648,YESBANK,Yes Bank Limited
505537,ZEEL,Zee Entertainment Enterprises Limited
533287,ZEELEARN,Zee Learn Limited
532794,ZEEMEDIA,Zee Media Corporation Limited
512553,ZENITHEXPO,Zenith Exports Limited
504067,ZENSARTECH,Zensar Technologies Limited
533339,ZENTEC,Zen Technologies Limited
521163,ZODIACLOTH,Zodiac Clothing Company Limited
512587,ZODJRDMKJ,Zodiac JRD- MKJ Limited
512587,ZOTA,Zota Health Care LImited
534742,ZUARI,Zuari Agro Chemicals Limited
500780,ZUARIGLOB,Zuari Global Limited
531335,ZYDUSWELL,Zydus Wellness Limited
